Fredrika,Giraudat,Teal,Yearly,lectus
Garry,Marl,Red,Yearly,porttitor
Shell,Slaney,Violet,Never,vestibulum
Tibold,Pinsent,Fuscia,Never,congue
Hermon,Turvie,Yellow,Weekly,duis
Larina,Darnell,Aquamarine,Daily,tincidunt
Berkie,Pulsford,Mauv,Often,mauris
Ashlee,Gobourn,Crimson,Seldom,pede
Valeria,Trevear,Aquamarine,Once,augue
Ced,Lippingwell,Yellow,Once,interdum
Somerset,Beckhouse,Pink,Often,nulla
Virgilio,Stutter,Aquamarine,Weekly,in
Anette,Kitchiner,Red,Yearly,dui
Lock,Gillaspy,Violet,Weekly,tristique
Alida,Benzi,Indigo,Weekly,platea
Theadora,Jagiello,Goldenrod,Seldom,nullam
Ofella,Parrin,Yellow,Once,lorem
Avictor,Mundwell,Fuscia,Once,non
Dorothea,Muddle,Violet,Daily,posuere
Sadie,Nairne,Green,Once,purus
Bethany,Hugonneau,Orange,Daily,porta
Reese,Quest,Green,Weekly,pellentesque
Godard,Garrard,Purple,Often,id
Granger,Kleinhausen,Mauv,Often,blandit
Adrea,Seale,Maroon,Once,diam
Neilla,Excell,Blue,Once,pede
Lucine,Ramel,Crimson,Once,fringilla
Friedrick,Bottini,Puce,Once,volutpat
Larina,MacIlurick,Aquamarine,Yearly,erat
Newton,Yurmanovev,Red,Weekly,convallis
Cassi,Pimlett,Purple,Seldom,luctus
Lanae,Towne,Pink,Once,nisl
Beaufort,Trillow,Indigo,Yearly,diam
Cristie,Renshaw,Mauv,Once,vulputate
Les,Overpool,Orange,Weekly,praesent
Dora,Merrin,Red,Daily,mauris
Arluene,Thorington,Yellow,Never,ultrices
Urbanus,Kleinschmidt,Yellow,Yearly,in
Patrizia,Doorly,Crimson,Weekly,aliquet
Geoffrey,Nattriss,Purple,Daily,donec
Teodor,Flacknoe,Green,Daily,libero
Rudd,Hakey,Teal,Never,lorem
Robbin,McKay,Violet,Once,ante
Rebekah,Chevis,Indigo,Yearly,vestibulum
Victoria,Minchella,Turquoise,Seldom,sapien
Jerri,Ziebart,Fuscia,Weekly,nulla
Dita,Philcock,Indigo,Seldom,dapibus
Mariel,Anscott,Yellow,Daily,lacus
Case,Elecum,Purple,Once,mi
Reagan,MacCrann,Green,Daily,id
Al,Robertson,Orange,Often,etiam
Danice,Ferraro,Violet,Seldom,leo
Curt,Farrear,Crimson,Never,luctus
Mack,Titcumb,Khaki,Yearly,curabitur
Krista,Kondratovich,Puce,Monthly,congue
Elise,McMillan,Indigo,Weekly,luctus
Margarethe,Fazakerley,Red,Seldom,ullamcorper
Jolyn,Carse,Aquamarine,Weekly,pede
Karim,Busain,Teal,Weekly,rhoncus
Rosemary,Bernlin,Mauv,Often,rhoncus
Georgeanna,Arias,Pink,Weekly,in
Zaneta,Lokier,Pink,Daily,vivamus
Tera,Goodliffe,Maroon,Monthly,sed
Alick,Barefoot,Purple,Often,quam
Shandra,Hamel,Orange,Once,tincidunt
Courtney,Lademann,Red,Seldom,proin
Bonnee,Braxay,Pink,Monthly,ante
Dusty,Dowdall,Crimson,Weekly,augue
Wilt,Littrick,Orange,Yearly,odio
Kyle,Mildmott,Mauv,Once,sed
Flora,Pottell,Red,Yearly,vitae
Tiff,Maven,Goldenrod,Seldom,massa
Alexandre,Brouard,Crimson,Daily,ipsum
Karrie,Pill,Aquamarine,Monthly,vestibulum
Molly,Crownshaw,Maroon,Daily,vulputate
Shandeigh,Abdon,Crimson,Often,quisque
Mic,Hawkyens,Goldenrod,Once,faucibus
Kayley,Ricarde,Green,Once,amet
Jethro,Munt,Fuscia,Weekly,orci
Codee,Tedorenko,Khaki,Seldom,amet
Lilly,McGinnell,Turquoise,Daily,suspendisse
Florian,MacBey,Indigo,Once,nam
Huey,Scallan,Violet,Monthly,in
Annette,Boldison,Mauv,Never,pretium
Joly,Lody,Indigo,Seldom,lorem
Odella,Seyfart,Teal,Once,congue
Edvard,Curme,Blue,Weekly,convallis
Cammi,Doolan,Crimson,Yearly,hac
Rubi,Shapcott,Goldenrod,Daily,sit
Finley,Whittlesey,Teal,Weekly,et
Kayley,Krishtopaittis,Indigo,Monthly,pellentesque
Tedmund,Blunsum,Teal,Yearly,turpis
Marysa,Bednall,Mauv,Once,vel
Elyse,Quakley,Maroon,Never,justo
Malvin,Nesbeth,Fuscia,Often,venenatis
Lynnell,Balaam,Orange,Daily,in
Tamera,Eydel,Orange,Daily,blandit
Granville,Barefoot,Violet,Never,dictumst
Winthrop,Stearnes,Goldenrod,Never,amet
Ettie,Duffit,Purple,Monthly,pellentesque
Birch,Sprowle,Violet,Seldom,sit
Raynell,Severs,Purple,Weekly,quam
Reinhold,Treversh,Puce,Monthly,consequat
Chancey,Binley,Indigo,Never,fusce
Gerianna,Shard,Blue,Once,lacinia
Antonin,Blaszczyk,Aquamarine,Once,at
Merla,Blodgetts,Orange,Monthly,sapien
Lorrie,Trehearn,Teal,Often,sit
Sabrina,Carmody,Pink,Often,gravida
Wright,Stalman,Crimson,Daily,aliquet
Demetre,Lorens,Turquoise,Never,gravida
Rochester,Starbeck,Puce,Never,mollis
Corrine,Hallgath,Yellow,Daily,praesent
Virgie,Moggle,Pink,Seldom,id
Addison,Runham,Goldenrod,Never,sapien
Beatrisa,Weldon,Teal,Never,morbi
Phyllis,Barense,Green,Weekly,sed
Britt,Szymczyk,Yellow,Monthly,quam
Gabriel,Feldmus,Khaki,Monthly,morbi
Garrard,Malkin,Orange,Weekly,orci
Rowland,Doughill,Goldenrod,Once,quis
Piper,Plowes,Orange,Yearly,eu
Normie,Starkings,Goldenrod,Often,sed
Alasdair,Ellicott,Puce,Often,eu
Filmore,Botfield,Orange,Daily,malesuada
Stanford,Spurritt,Aquamarine,Never,felis
Ty,Lamplough,Puce,Once,nascetur
Breanne,Thomasson,Blue,Never,sapien
Terrence,Fosserd,Pink,Often,nisi
Lanny,Snowman,Yellow,Weekly,nibh
Deana,Giacopini,Red,Monthly,non
Arvy,Coils,Pink,Yearly,donec
Cosetta,Wallenger,Mauv,Monthly,volutpat
Kaylee,Arnoult,Yellow,Daily,in
Quinta,Bruckent,Red,Often,etiam
Rhiamon,Vanichev,Teal,Never,mauris
Dell,Backson,Orange,Monthly,varius
Courtnay,Rivelon,Maroon,Never,mattis
Falkner,Slowey,Turquoise,Daily,quam
Amelita,Fishbourne,Mauv,Once,nulla
Ilyse,Batstone,Aquamarine,Often,pretium
Liva,Robinett,Maroon,Often,ultrices
Oliviero,Faiers,Khaki,Monthly,malesuada
Morena,Foote,Fuscia,Daily,vestibulum
Dominga,Kinkaid,Yellow,Yearly,quam
Denny,Kinner,Mauv,Often,odio
Georgianna,McNaughton,Green,Yearly,eu
Lanni,Dering,Maroon,Often,massa
Eyde,Bradshaw,Mauv,Seldom,ut
Philip,Fratson,Mauv,Never,quis
Winna,O'Moylane,Pink,Once,in
Ruthi,Fieldsend,Goldenrod,Daily,curabitur
Griffith,Matyashev,Indigo,Never,erat
Herman,MacColgan,Pink,Seldom,sociis
Liv,Scroggie,Red,Daily,congue
Kerri,Girodier,Pink,Often,volutpat
Peg,Spearing,Teal,Never,sit
Ernest,Kemell,Blue,Daily,commodo
Cybil,McMennum,Crimson,Weekly,maecenas
Adina,Cleary,Teal,Often,nisi
Dallas,Bamber,Yellow,Often,venenatis
Orella,Calles,Goldenrod,Often,et
Sancho,Greatex,Aquamarine,Daily,nisi
Gray,Sibylla,Yellow,Seldom,nunc
Saudra,Dews,Crimson,Daily,mauris
Yetty,McGowran,Fuscia,Monthly,habitasse
Loree,Cassedy,Goldenrod,Daily,ullamcorper
Ellis,Kear,Aquamarine,Often,justo
Gallagher,Stainsby,Turquoise,Seldom,in
Merwyn,Jovis,Violet,Once,aliquet
Gordie,Doding,Maroon,Never,sit
Leland,Mongain,Mauv,Yearly,pede
Hildagarde,Sneezem,Purple,Daily,sed
Vere,Kellet,Blue,Weekly,phasellus
Loren,Brassill,Red,Once,ligula
Vitia,Blair,Crimson,Often,est
Theda,Ivy,Khaki,Seldom,duis
Jefferson,Kulas,Fuscia,Weekly,sit
Kristofer,Trengrouse,Violet,Seldom,massa
Jessika,Palffy,Fuscia,Weekly,id
Dorelle,Manntschke,Turquoise,Monthly,sagittis
Forester,Agg,Pink,Often,nibh
Holden,Bernakiewicz,Turquoise,Weekly,libero
Rossie,Leeman,Fuscia,Often,magna
Austin,Huson,Red,Weekly,amet
Zsazsa,O'Kinneally,Violet,Daily,sociis
Jayme,Course,Violet,Weekly,in
Cirillo,Northcott,Crimson,Never,sit
Daven,Bricknell,Indigo,Seldom,aenean
Luca,Wiz,Mauv,Often,et
Beverlee,Valiant,Khaki,Seldom,vestibulum
Shem,Lauritsen,Purple,Daily,proin
Nicolette,Lonergan,Red,Often,non
Christyna,Deverose,Khaki,Seldom,cum
Jessalin,Ardy,Purple,Never,donec
Thane,Matthessen,Green,Once,platea
Lindsay,Greendale,Teal,Monthly,et
Mel,Orrocks,Puce,Seldom,mi
Hewe,Espino,Fuscia,Monthly,at
Tisha,Colbeck,Mauv,Seldom,tincidunt
Thomasina,Faers,Purple,Often,accumsan
Susann,Louedey,Indigo,Often,ante
Dorree,Rodbourne,Aquamarine,Never,ultrices
Trista,Moline,Indigo,Never,mauris
Annalee,Wratten,Khaki,Monthly,quam
Carney,Standbrook,Red,Seldom,odio
Ethelyn,Tomenson,Teal,Never,curae
Desiree,Tilio,Goldenrod,Never,magna
Randall,MacAne,Pink,Weekly,ultrices
Paige,Conkay,Pink,Never,arcu
Eberhard,Willbourne,Goldenrod,Once,parturient
Ramonda,GiacobbiniJacob,Fuscia,Seldom,maecenas
Jacqueline,Allflatt,Khaki,Monthly,rutrum
Roby,Buzek,Puce,Yearly,platea
Cornall,Try,Fuscia,Daily,non
Zara,Yggo,Orange,Seldom,est
Kaleena,Desmond,Blue,Weekly,tellus
Dominique,Gannon,Fuscia,Yearly,auctor
Roderick,McMurthy,Mauv,Monthly,eget
Betteann,Labusch,Teal,Never,eleifend
Zita,Dabnor,Mauv,Seldom,lectus
Ernestus,Frankes,Yellow,Daily,vestibulum
Kyle,D'Onise,Khaki,Yearly,nulla
Breanne,Sanbroke,Puce,Often,consectetuer
Sebastien,Janway,Red,Weekly,vivamus
Adler,Domerq,Violet,Daily,donec
Aldous,Mayhow,Goldenrod,Yearly,integer
Nealon,Bulley,Yellow,Never,luctus
Jeremiah,Neggrini,Red,Yearly,aenean
Helenelizabeth,Finley,Violet,Yearly,non
Nevins,Axelbee,Goldenrod,Daily,diam
Gib,Semarke,Maroon,Daily,mauris
Nollie,Bustard,Goldenrod,Monthly,ante
Beatrix,Brothwood,Blue,Once,non
Amity,Charlot,Fuscia,Monthly,sapien
Roberta,Gibbe,Purple,Never,accumsan
Hyacinthia,Albasiny,Yellow,Often,etiam
Marillin,Halpin,Orange,Seldom,eu
Brigitte,Upcraft,Mauv,Weekly,mauris
Elton,Smidmore,Mauv,Often,nisi
Reese,Tickel,Pink,Often,pellentesque
Reuben,Penwright,Yellow,Often,blandit
Paolo,Adamowicz,Aquamarine,Often,magna
Rachelle,Southcombe,Puce,Monthly,sodales
Janenna,Foat,Khaki,Daily,sit
Winny,Holbury,Goldenrod,Monthly,aliquet
Josy,Wilkie,Maroon,Seldom,mattis
Tulley,Kunat,Blue,Seldom,nam
Marieann,Kier,Khaki,Weekly,sit
Maye,Lochrie,Khaki,Often,porttitor
Gun,Josipovitz,Indigo,Weekly,non
Rog,Massinger,Mauv,Weekly,risus
Marcia,Hirche,Red,Often,turpis
Salvador,Ansett,Violet,Seldom,velit
Sigismondo,Fardy,Teal,Never,vitae
Tabatha,Wharrier,Pink,Yearly,libero
Jonah,Crips,Khaki,Often,nam
Ethel,Risson,Green,Yearly,cras
Meriel,Paradise,Red,Yearly,nibh
Elihu,Langeren,Maroon,Often,nulla
Bekki,Macia,Maroon,Monthly,justo
Naoma,Jacketts,Blue,Daily,odio
Thornie,Grose,Blue,Weekly,parturient
Eugenie,Enevoldsen,Orange,Often,augue
Barbi,Skevington,Red,Yearly,tincidunt
Heloise,Healks,Maroon,Seldom,at
Madelyn,Jaffra,Fuscia,Seldom,cras
Liuka,Emmett,Green,Yearly,ut
Benita,Georgievski,Indigo,Seldom,velit
Luciana,Braisted,Aquamarine,Weekly,suscipit
Darla,Moverley,Red,Yearly,lorem
Frederica,Francescoccio,Green,Daily,praesent
Amil,Mazey,Crimson,Weekly,fringilla
Blanche,Swaffer,Pink,Yearly,vestibulum
Moise,Wisson,Indigo,Yearly,eget
Olive,Tipler,Violet,Never,nisi
Fransisco,McMickan,Blue,Seldom,scelerisque
Rivi,Pellingar,Pink,Often,luctus
Mersey,Frossell,Puce,Once,tempus
Mattie,Charette,Crimson,Seldom,penatibus
Loise,Ruddock,Puce,Weekly,integer
Arvie,Riquet,Aquamarine,Yearly,maecenas
Buiron,Airy,Goldenrod,Often,mattis
Vivia,Dunbobin,Mauv,Yearly,nisl
Minny,McTerlagh,Goldenrod,Weekly,vestibulum
Wald,D'Orsay,Fuscia,Never,accumsan
Bibbye,Coward,Pink,Weekly,morbi
Hatty,Kalberer,Green,Weekly,dui
Bailie,Rathmell,Goldenrod,Seldom,in
Christiana,Pollie,Aquamarine,Never,purus
Ruthie,Hixson,Indigo,Once,mauris
Correy,Eamer,Green,Monthly,tristique
Clywd,de la Valette Parisot,Teal,Weekly,enim
Calla,Ibbott,Red,Weekly,dapibus
Kania,Jennery,Turquoise,Weekly,nec
Tadeo,Snoding,Puce,Daily,vel
Cindy,MacCook,Purple,Never,eu
Lek,Hamby,Purple,Monthly,accumsan
Humphrey,Greig,Aquamarine,Seldom,curabitur
Ted,Granger,Maroon,Monthly,sed
Raquela,Jikylls,Puce,Yearly,urna
Rafa,Birkmyr,Orange,Daily,duis
Bentlee,Starbeck,Goldenrod,Yearly,lobortis
Sanson,Crier,Yellow,Weekly,mauris
Orel,Linley,Violet,Once,aenean
Zabrina,Janatka,Indigo,Monthly,vulputate
Noel,McNeely,Orange,Yearly,est
Prinz,Baggalley,Maroon,Once,odio
Nedda,Rosengarten,Yellow,Seldom,nunc
Griswold,Francino,Violet,Daily,ut
Dasie,Perez,Blue,Yearly,nulla
Pattie,Carletti,Fuscia,Often,faucibus
Yorker,Petters,Red,Monthly,sagittis
Lynn,Grandison,Mauv,Daily,lectus
Julie,Strapp,Khaki,Weekly,libero
Maudie,Chatenet,Crimson,Yearly,nisl
Moira,Tonge,Turquoise,Yearly,tellus
Maggee,Hunston,Turquoise,Never,tellus
Jeane,Winfrey,Indigo,Seldom,in
Roanna,Gledstane,Puce,Yearly,nam
Kristofer,Rounsivall,Maroon,Once,pellentesque
Jerrie,Fransewich,Yellow,Monthly,faucibus
Newton,Stenning,Maroon,Once,habitasse
Debby,Casolla,Pink,Weekly,eget
Karmen,Winfield,Teal,Weekly,convallis
Rebe,Liccardi,Turquoise,Never,libero
Ashlin,Tickel,Violet,Weekly,diam
Elvyn,Dirkin,Fuscia,Never,id
Caleb,Layton,Orange,Daily,massa
Dredi,Barlow,Red,Weekly,consequat
Stacee,Earngy,Pink,Often,at
Ilene,Biskupiak,Turquoise,Never,mollis
Darrel,Spat,Khaki,Often,non
Waneta,McCole,Orange,Yearly,nulla
Ezechiel,Baggiani,Turquoise,Often,pede
Rosalind,Harower,Puce,Once,hac
Viviyan,Sibun,Turquoise,Daily,libero
Marna,Hubbins,Pink,Never,nulla
Elka,Draye,Green,Monthly,eros
Haven,Alyokhin,Green,Weekly,parturient
Bunny,Jell,Violet,Weekly,orci
Annie,Cuthbertson,Yellow,Never,proin
Gamaliel,Blazewicz,Orange,Often,platea
Ernestine,Brown,Yellow,Yearly,blandit
Waring,Beardsell,Turquoise,Often,non
Patton,Aiston,Crimson,Yearly,morbi
Maximilien,Simonaitis,Goldenrod,Daily,nunc
Benni,Daddow,Teal,Often,in
Fremont,Landeaux,Turquoise,Seldom,eget
Tyrone,Vink,Indigo,Often,et
Thaxter,Tallant,Pink,Once,eget
Milicent,Golding,Blue,Never,condimentum
Wyatt,Alvaro,Puce,Weekly,semper
Kitti,Tolmie,Turquoise,Weekly,elit
Aubrey,Bragge,Maroon,Yearly,tincidunt
Emlynn,Spridgeon,Blue,Monthly,bibendum
Yancey,Andree,Yellow,Once,posuere
Maynard,Beggi,Red,Yearly,nulla
Rusty,Waiting,Purple,Never,aliquam
Seline,Compfort,Green,Once,congue
Jesselyn,Adamczewski,Orange,Daily,tempus
Cristen,McMennum,Khaki,Never,eros
Darrel,Briscam,Fuscia,Monthly,quis
Estrella,Gilhouley,Mauv,Seldom,dapibus
Jermaine,Richmont,Yellow,Yearly,congue
Reinald,Ghidini,Turquoise,Once,proin
Didi,Pharro,Crimson,Weekly,scelerisque
Romola,Basson,Mauv,Once,sem
Web,Skace,Orange,Never,eu
Rebbecca,Cohn,Teal,Often,vestibulum
Dianna,Eldon,Turquoise,Seldom,cursus
Arney,Roark,Orange,Seldom,dignissim
Kenyon,Bletsor,Crimson,Never,enim
Alikee,Kinnane,Purple,Monthly,ut
Gustie,Lauritsen,Maroon,Seldom,blandit
Bili,Freyne,Indigo,Seldom,dui
Truman,Huggins,Aquamarine,Seldom,cras
Bo,Jedrzejewsky,Red,Often,porta
Mordy,Magee,Fuscia,Never,nulla
Krystal,Pescod,Blue,Monthly,libero
Trueman,Rowan,Violet,Monthly,orci
Luke,Nekrews,Orange,Never,lobortis
Remington,Copcott,Goldenrod,Weekly,tincidunt
Charity,Leidecker,Khaki,Daily,vitae
Baxter,Grabb,Aquamarine,Weekly,pulvinar
Charyl,Scorthorne,Mauv,Often,viverra
Orville,Deverall,Puce,Daily,aliquet
Aloin,Haughan,Green,Seldom,lorem
Aloysia,Dearle-Palser,Purple,Once,elit
Jemie,Bromige,Blue,Yearly,enim
Aubine,Penke,Mauv,Daily,sem
Monte,Ivchenko,Blue,Yearly,pede
Neda,Piscopo,Khaki,Yearly,integer
Charla,Twidale,Green,Never,eget
Kassandra,MacNulty,Goldenrod,Seldom,non
Dorotea,Pearcy,Red,Often,tempor
Marshal,Egle,Pink,Often,in
Rubin,Fayer,Red,Never,vitae
Jenilee,Anney,Maroon,Often,sapien
Hewitt,Ratcliffe,Khaki,Often,congue
Udell,Chable,Red,Seldom,nisl
Didi,Strass,Red,Yearly,proin
Daniela,Vance,Crimson,Often,ullamcorper
Nicola,Van der Velde,Turquoise,Never,blandit
Valentine,Yeldon,Aquamarine,Seldom,interdum
Rockie,Bloxham,Violet,Often,vestibulum
Danika,Claypole,Orange,Weekly,mauris
Brigid,Lytell,Red,Weekly,justo
Licha,Melson,Blue,Monthly,in
Ario,Pedycan,Indigo,Monthly,sapien
Bourke,Barlas,Pink,Often,quisque
Alec,Fransewich,Maroon,Daily,habitasse
Sibella,Genicke,Aquamarine,Yearly,nibh
Julianna,Hulatt,Aquamarine,Never,sit
Vanna,Hesbrook,Red,Once,a
Baxie,Sivorn,Violet,Seldom,justo
Elsey,Simmank,Puce,Weekly,faucibus
Andreana,Pavy,Yellow,Weekly,ut
Meir,Feehery,Khaki,Monthly,ut
Helaina,Lawrenceson,Red,Daily,mauris
Mikel,Prettyman,Fuscia,Once,et
Matilda,Rosen,Mauv,Never,feugiat
Charin,Kalinovich,Orange,Daily,sed
Martguerita,Van der Linde,Purple,Once,posuere
Kellyann,Le Borgne,Pink,Seldom,orci
Langston,Watchorn,Turquoise,Never,mi
Dulciana,Proudler,Mauv,Never,rutrum
Myrlene,Petigrew,Indigo,Often,pellentesque
Christopher,Blois,Indigo,Never,montes
Fielding,Verny,Red,Never,metus
Joellyn,Wombwell,Orange,Monthly,pretium
Fionnula,Machin,Yellow,Weekly,ante
Urban,Kilpatrick,Green,Once,maecenas
Leonerd,Woollends,Fuscia,Seldom,nulla
Hy,Shone,Maroon,Monthly,sagittis
Rudy,Edmeades,Teal,Never,ornare
Alden,Goman,Indigo,Seldom,interdum
Harriot,Colebeck,Fuscia,Daily,consectetuer
Roderick,Chaucer,Crimson,Once,orci
Aprilette,Tal,Indigo,Never,eros
Jerrilyn,Clissell,Red,Monthly,mauris
Kimble,Pohlke,Blue,Never,aliquam
Deb,Clissett,Khaki,Seldom,et
Kandace,Acarson,Indigo,Weekly,at
Jude,Dymock,Aquamarine,Weekly,curae
Charo,Fourcade,Yellow,Weekly,accumsan
Lock,Godwyn,Khaki,Yearly,lacus
Kariotta,Sylvaine,Yellow,Never,cras
Eliza,Abrahamovitz,Goldenrod,Yearly,feugiat
Clair,Gabites,Puce,Yearly,dapibus
Wood,Abbie,Blue,Monthly,duis
Nicol,Eddisforth,Violet,Weekly,ante
Joceline,McPhee,Green,Seldom,sit
Joe,MacAllaster,Green,Never,lacus
Evvy,Dimmack,Red,Seldom,vulputate
Elna,Glading,Khaki,Never,metus
Willie,Hemphall,Indigo,Often,in
Lelia,Bennedsen,Crimson,Once,erat
Almira,Josovich,Red,Once,ac
Vasily,Wickett,Mauv,Seldom,justo
Bennie,Olivas,Purple,Weekly,nibh
Annnora,Florentine,Green,Monthly,tincidunt
Bettina,Boase,Red,Monthly,turpis
Belita,Northage,Orange,Weekly,lacinia
Curran,Wingrove,Puce,Never,volutpat
Vernice,Fogden,Maroon,Yearly,quisque
Heather,Biggin,Khaki,Seldom,volutpat
Tersina,Steart,Aquamarine,Daily,justo
Leslie,Harness,Red,Daily,malesuada
Doro,Greedyer,Blue,Daily,in
Zoe,Varvell,Fuscia,Never,phasellus
Maynord,Persence,Crimson,Monthly,at
Reuben,Flieger,Blue,Never,natoque
Maxy,Toy,Puce,Yearly,duis
Krystalle,Slade,Indigo,Weekly,quis
Mellisent,Buchett,Fuscia,Often,curabitur
Alia,Coatman,Crimson,Monthly,ac
Cynthy,Fyers,Orange,Yearly,volutpat
Erny,Hollow,Blue,Weekly,turpis
Robinette,Matijevic,Mauv,Daily,vitae
Sergio,Bealton,Turquoise,Monthly,est
Nat,Hustler,Puce,Once,nulla
Sharai,Hendron,Red,Yearly,amet
Viva,Ebrall,Fuscia,Weekly,sapien
Marys,Banham,Red,Daily,pretium
Lothario,Brugger,Purple,Once,dui
Purcell,Darlison,Red,Yearly,sodales
Abner,Lamburne,Teal,Often,consequat
Tremaine,Daskiewicz,Red,Seldom,vivamus
Bronnie,Eldred,Pink,Yearly,tristique
Hunfredo,Bernaert,Green,Daily,aliquet
Louis,McClure,Purple,Weekly,ligula
Elia,Janjic,Puce,Seldom,augue
Frank,Winsom,Mauv,Never,ipsum
Carmine,Leishman,Green,Weekly,metus
Ardine,Sattin,Puce,Daily,mauris
Diane,Maxwaile,Puce,Monthly,donec
Charlena,Perkin,Red,Daily,aliquet
Halley,Finlason,Goldenrod,Often,curabitur
Antonetta,Gonthier,Maroon,Weekly,nisl
Townsend,Bleier,Puce,Once,habitasse
Sheelagh,Varker,Green,Once,velit
Daffi,Hansell,Orange,Daily,ac
Ezra,Enders,Teal,Once,libero
Chloris,Tull,Khaki,Often,libero
Jamey,Stood,Teal,Never,porttitor
Kara,MacCahee,Blue,Once,in
Guillema,Cuddon,Orange,Often,pellentesque
Omero,Macia,Purple,Weekly,mauris
Latrena,Hunton,Red,Daily,est
Terence,Bickford,Turquoise,Yearly,justo
Charisse,Oliffe,Yellow,Monthly,lobortis
Elayne,Chitham,Teal,Never,felis
Kyla,Lothean,Teal,Daily,vestibulum
Shawna,Carne,Khaki,Seldom,amet
Garrick,Stormouth,Purple,Monthly,lectus
Blake,Batteson,Goldenrod,Once,a
Jilleen,Jinda,Green,Weekly,consectetuer
Felicity,Seville,Red,Daily,faucibus
Abbie,Ceeley,Aquamarine,Never,interdum
Felicia,Huddy,Goldenrod,Once,in
Kitti,Willoughby,Green,Never,quisque
Clari,Maha,Teal,Seldom,et
Lewie,Addis,Puce,Monthly,aliquam
Erie,Zoren,Teal,Daily,sapien
Sax,Hallin,Khaki,Often,mollis
Lorry,Duiguid,Maroon,Yearly,ut
Nial,O'Caherny,Teal,Daily,donec
Joli,O'Mohun,Orange,Monthly,bibendum
Anderson,Castelain,Puce,Daily,orci
Tedmund,Hillam,Fuscia,Daily,porttitor
Diannne,Nehl,Purple,Often,aenean
Blake,Bilsland,Goldenrod,Yearly,sapien
Laurette,Witherington,Yellow,Yearly,tellus
Paola,Cordet,Maroon,Often,etiam
Zolly,Luther,Orange,Daily,congue
Nikolaos,Farenden,Green,Once,suspendisse
Valencia,Jaeggi,Teal,Seldom,lobortis
Isak,Pitney,Red,Weekly,maecenas
Quintana,Land,Blue,Seldom,imperdiet
Jessee,Beste,Orange,Once,ultrices
Norene,Lynnett,Blue,Never,ultrices
Lamar,Baitson,Aquamarine,Yearly,nullam
Daloris,Burdas,Orange,Often,sit
Aloisia,O'Lenane,Maroon,Often,nulla
Faustina,Adicot,Khaki,Monthly,odio
Mareah,Kime,Goldenrod,Daily,nisi
Dore,Schroter,Orange,Seldom,sed
Binny,Lambkin,Khaki,Monthly,iaculis
Lucian,Bitcheno,Orange,Monthly,lectus
Jobye,Wallage,Goldenrod,Monthly,vulputate
Diannne,Trineman,Puce,Seldom,ultrices
Poul,Nash,Yellow,Daily,rhoncus
Dru,Tunney,Red,Monthly,massa
Orran,Langthorne,Khaki,Never,non
Lindsay,Clews,Red,Often,maecenas
Theodora,Quelch,Maroon,Yearly,integer
Kristal,Maides,Orange,Often,vestibulum
Vachel,Revance,Aquamarine,Once,ipsum
Tim,Kamiyama,Indigo,Often,viverra
Trace,Coskerry,Teal,Daily,massa
Cullan,Lorant,Blue,Yearly,gravida
Waiter,Halvorsen,Maroon,Seldom,id
Roz,Maggiori,Aquamarine,Seldom,lorem
Brandi,Frances,Turquoise,Monthly,est
Kare,Escoffrey,Goldenrod,Weekly,sed
Tabby,Fooks,Violet,Monthly,nisi
Ulrika,Spragge,Mauv,Weekly,placerat
Quintus,Wreiford,Teal,Once,vel
Silvester,Mcsarry,Turquoise,Often,tellus
Grethel,Wallbutton,Pink,Often,arcu
Garold,Harriss,Aquamarine,Seldom,eget
Stefano,Drillingcourt,Orange,Once,tincidunt
Ashlan,Stanman,Teal,Yearly,etiam
Delphine,McGrah,Pink,Yearly,fusce
Rozelle,Bearne,Red,Monthly,id
Levey,Enoksson,Indigo,Seldom,convallis
Letisha,Parlour,Teal,Once,vel
Frannie,Prine,Yellow,Never,id
Storm,Oneile,Violet,Often,consequat
Junette,Tuffey,Blue,Once,convallis
Matthiew,Dublin,Teal,Daily,congue
Bond,Bullon,Blue,Often,praesent
Fabe,Bergen,Purple,Often,primis
Mada,Minthorpe,Red,Yearly,velit
Margaux,Rickersy,Blue,Often,dui
Cami,Buesden,Khaki,Monthly,cursus
Rhetta,Mowbray,Mauv,Yearly,lacinia
Jaynell,McCarron,Maroon,Once,enim
Elenore,Bassil,Crimson,Monthly,ut
Barnabas,Kairns,Turquoise,Yearly,neque
Derk,Malling,Khaki,Often,non
Lazare,Christophe,Goldenrod,Monthly,ipsum
Jerrilyn,Blaydon,Mauv,Seldom,a
Bethena,Pickworth,Teal,Often,primis
Cammie,Eannetta,Purple,Weekly,magnis
Mozes,Baack,Maroon,Weekly,mattis
Barde,McQuarter,Red,Monthly,donec
Arnoldo,Vick,Aquamarine,Monthly,non
Judas,Grissett,Crimson,Once,felis
Catharine,Kleint,Mauv,Often,elit
Vallie,Mourge,Green,Weekly,pede
Jeanelle,Bau,Khaki,Never,non
Kristy,Bavage,Maroon,Monthly,massa
Myrle,Jillitt,Pink,Monthly,etiam
Hester,Domican,Red,Never,id
Mora,Barwis,Yellow,Seldom,consequat
Agna,Einchcombe,Red,Often,odio
Penrod,Weatherall,Purple,Never,non
Kimmy,Allsopp,Maroon,Seldom,lorem
Kev,Bratcher,Maroon,Seldom,orci
Jacquenette,Paulucci,Pink,Monthly,condimentum
Carla,Yanov,Indigo,Monthly,congue
Harlene,Farfull,Purple,Daily,non
Carlin,Sawer,Fuscia,Weekly,gravida
Sigvard,Venney,Khaki,Daily,hac
Juliane,Itzkovwitch,Pink,Monthly,varius
Olivia,Cromwell,Crimson,Daily,non
Sallee,Bru,Teal,Daily,semper
Talbert,Chattell,Violet,Never,velit
Damian,Le Surf,Mauv,Seldom,platea
Thayne,Angier,Indigo,Weekly,vulputate
Lise,Mehaffey,Mauv,Weekly,convallis
Issi,Gentreau,Puce,Yearly,lectus
Mimi,Agronski,Yellow,Daily,nulla
Ezequiel,Cuolahan,Yellow,Monthly,fusce
Carley,Rattray,Blue,Weekly,ultrices
Rickie,Clee,Red,Yearly,fermentum
Atlante,Veronique,Yellow,Monthly,morbi
Burty,Alner,Green,Often,velit
Ricky,Winslet,Teal,Often,in
Annabell,Eckley,Violet,Daily,in
Lou,Walcher,Blue,Once,mauris
Libbie,New,Green,Never,donec
Wyn,Caplen,Green,Daily,id
Aurthur,Claus,Violet,Monthly,tortor
Lothario,Kerswell,Aquamarine,Weekly,id
Clarisse,Van Der Straaten,Teal,Weekly,nam
Binky,Blease,Fuscia,Weekly,mattis
Clem,Maden,Goldenrod,Yearly,nullam
Peria,Percy,Indigo,Daily,integer
Udall,Percival,Turquoise,Seldom,ut
Stacee,Twidale,Pink,Weekly,convallis
Leonard,Lodeke,Maroon,Once,neque
Gabriello,Avramov,Violet,Yearly,ut
Jean,Roggerone,Indigo,Daily,et
Becca,Sanbrooke,Red,Often,sit
Ynez,Spridgeon,Aquamarine,Once,sapien
Simonne,Mandell,Red,Seldom,et
Guido,Djekic,Puce,Weekly,pede
Drake,Breens,Teal,Once,est
Buddy,Edmonston,Puce,Yearly,et
Francene,Grigoliis,Crimson,Daily,luctus
Nola,Shurmore,Violet,Weekly,vitae
Winny,Ellins,Mauv,Yearly,non
Sidney,Dunbobin,Indigo,Once,ligula
Olia,Gorsse,Indigo,Daily,urna
Maximo,Lampbrecht,Turquoise,Weekly,habitasse
Nadya,Edland,Goldenrod,Monthly,natoque
Leeanne,Larvent,Blue,Daily,ipsum
Jewell,Mewe,Purple,Once,dui
Ailbert,Leheude,Aquamarine,Weekly,mattis
Holli,Gibberd,Turquoise,Once,turpis
Constancy,Hartil,Crimson,Often,justo
Dale,Buff,Purple,Monthly,habitasse
Sher,Cettell,Violet,Monthly,montes
Tiphany,Siflet,Puce,Daily,in
Major,Jeal,Orange,Weekly,faucibus
Silvan,Humbee,Orange,Often,nec
Conrado,O' Hern,Violet,Never,massa
Lionel,Zanuciolii,Teal,Monthly,quisque
Avery,Drayton,Yellow,Once,sapien
Ralph,Abbett,Violet,Monthly,sit
Hermina,Schlag,Mauv,Never,curabitur
Xever,McGraffin,Purple,Never,nulla
Abramo,Vibert,Fuscia,Daily,massa
Jacinthe,Kegan,Blue,Seldom,nascetur
Patty,Conibear,Puce,Seldom,non
Romy,Lefever,Turquoise,Monthly,sit
Nana,Delf,Green,Weekly,orci
Alric,Ternault,Pink,Never,leo
Latrina,Raithbie,Pink,Never,pellentesque
Kacey,Krahl,Goldenrod,Never,vulputate
Fannie,Mantrup,Puce,Seldom,odio
Claudianus,Cowser,Fuscia,Often,nullam
Ruperto,Still,Indigo,Monthly,odio
Alameda,Poulsen,Puce,Weekly,in
Alphonso,Rayment,Aquamarine,Monthly,sit
Paule,Mundow,Orange,Often,nec
Myrle,Lee,Yellow,Weekly,proin
Ronica,Gianolo,Khaki,Yearly,urna
Jonathan,Jotcham,Crimson,Seldom,ligula
Davide,Frossell,Aquamarine,Daily,in
Otes,Totman,Teal,Once,vel
Carola,Finker,Teal,Daily,amet
Mufi,Karczinski,Turquoise,Once,eget
Elsey,Mulberry,Mauv,Often,arcu
Dion,Ygoe,Khaki,Once,quisque
Herbert,Hannum,Maroon,Daily,habitasse
Clayborn,Callis,Violet,Seldom,lacinia
Murvyn,Letherbury,Red,Once,pede
Taddeusz,Scanlan,Orange,Once,pede
Cletus,Goslin,Turquoise,Weekly,sapien
Dredi,Kilrow,Indigo,Never,enim
Juliette,Scullard,Orange,Weekly,tellus
Odie,Chin,Crimson,Monthly,libero
Baily,Arnke,Turquoise,Daily,erat
Salomi,De Coursey,Green,Monthly,ac
Merrili,Campanelle,Goldenrod,Often,massa
Virginie,Lismore,Indigo,Monthly,aliquam
Fran,Keggins,Purple,Often,ultrices
Fredrick,Apark,Mauv,Never,phasellus
Marcia,Thomke,Maroon,Yearly,cum
Rania,Ambrose,Aquamarine,Yearly,turpis
Ulick,Dranfield,Pink,Never,sed
Paulo,Rodmell,Green,Never,dis
Robbi,Rubinsztein,Fuscia,Yearly,nisi
Kimmie,Bischoff,Fuscia,Never,nullam
Sande,Valentine,Crimson,Seldom,vitae
Nisse,Mash,Puce,Often,pharetra
Thurstan,Clampe,Teal,Weekly,volutpat
Dru,Kempton,Green,Never,et
Sallee,Meddows,Red,Seldom,duis
Vivianna,Kleynen,Purple,Never,porta
Bradly,Markovic,Pink,Monthly,sit
Ramsay,Mewitt,Blue,Daily,diam
Bathsheba,Gallehock,Purple,Weekly,mauris
Boyd,Cockin,Khaki,Never,donec
Bernardo,Eddison,Khaki,Weekly,phasellus
Micky,Hens,Orange,Never,donec
Meggi,Kennifick,Pink,Seldom,non
Brittney,Philliphs,Khaki,Once,platea
Solomon,Doni,Khaki,Once,risus
Adam,Bassom,Khaki,Once,adipiscing
Tate,Dooly,Crimson,Daily,ligula
Dyan,Stanlack,Turquoise,Never,ligula
George,Sweetenham,Puce,Yearly,diam
Camilla,Leathlay,Aquamarine,Once,ligula
Agnes,Carlin,Purple,Daily,elementum
Tish,Budden,Khaki,Never,at
Christie,Egleton,Maroon,Daily,suspendisse
Mitchell,Grellier,Red,Weekly,lacus
Gustie,Castillou,Crimson,Weekly,sit
Zacharie,Dougherty,Indigo,Monthly,nunc
Genna,Schruyers,Teal,Daily,libero
Salim,Minger,Puce,Seldom,justo
Verene,Lelliott,Blue,Often,maecenas
Delora,Crinkley,Yellow,Never,sapien
Aimil,Beacom,Violet,Often,magna
Rickert,Bodle,Purple,Monthly,dis
Rahal,Lambourne,Khaki,Yearly,nullam
Tibold,Suggate,Pink,Seldom,venenatis
Martie,Skures,Violet,Seldom,in
Hunfredo,Frary,Red,Often,suscipit
Enrique,Edmundson,Crimson,Daily,vestibulum
Lorne,Nelle,Turquoise,Never,suspendisse
Shaylyn,Dawidowicz,Red,Often,tincidunt
Llywellyn,Dowglass,Fuscia,Daily,in
Jayne,Bebb,Fuscia,Weekly,pede
Elsy,Matasov,Maroon,Weekly,augue
Shaylah,Dunniom,Teal,Seldom,enim
Gussie,Evitts,Red,Yearly,arcu
Shepperd,Treker,Maroon,Monthly,turpis
Keenan,Pipes,Maroon,Often,in
Andie,Emberson,Teal,Monthly,iaculis
Rosanne,Rollett,Aquamarine,Weekly,penatibus
Skelly,Bradder,Goldenrod,Yearly,non
Frances,Filby,Indigo,Daily,ac
Ernie,MacNaughton,Goldenrod,Often,lectus
Ondrea,Lawton,Pink,Weekly,dui
Magdalene,Brassill,Yellow,Weekly,nibh
Trip,Callender,Khaki,Never,a
Twila,Letts,Orange,Never,id
Raynell,Sadd,Red,Yearly,orci
Klaus,Kenvin,Maroon,Never,in
Angeli,Leather,Fuscia,Never,in
Mayer,Towsey,Pink,Daily,orci
Elvyn,Paliser,Violet,Never,porttitor
Lotte,Mullins,Khaki,Once,lacinia
Moreen,Mattusov,Crimson,Yearly,massa
Dyane,Peartree,Blue,Often,platea
Tansy,Flippini,Red,Never,donec
Bink,Bourges,Maroon,Weekly,at
Ilise,Gorbell,Goldenrod,Monthly,orci
Heriberto,Josovitz,Khaki,Seldom,duis
Sibby,Bellow,Crimson,Yearly,integer
Letitia,Balderstone,Teal,Seldom,nec
Gwenny,Belitz,Khaki,Daily,vestibulum
Rufus,Dennerley,Pink,Seldom,ut
Marie-ann,Eddoes,Fuscia,Yearly,suspendisse
Nial,Bidnall,Puce,Once,ut
Sibyl,Wife,Mauv,Weekly,in
Cleon,Frear,Violet,Monthly,et
Tamara,Traut,Blue,Monthly,blandit
Anthe,Rowen,Fuscia,Seldom,ultrices
Ranice,Greatham,Crimson,Never,posuere
Rockwell,Joyner,Red,Yearly,molestie
Robers,Sante,Purple,Weekly,justo
Lira,Toppes,Pink,Daily,quis
Micky,Oakden,Indigo,Daily,fermentum
Ford,Ferriby,Puce,Seldom,sit
Marje,Wickendon,Crimson,Seldom,fusce
Yolanda,O'Keenan,Yellow,Daily,cursus
Carley,Lamasna,Violet,Never,tristique
Kaylyn,Cawse,Orange,Once,in
Demetrius,Librey,Indigo,Monthly,blandit
Nelly,Dawton,Green,Seldom,et
Regan,Barclay,Green,Once,pellentesque
Freeland,Teasey,Violet,Often,tincidunt
Dorelle,Trayes,Khaki,Yearly,ut
Hermann,Kiff,Green,Seldom,rhoncus
Tobias,Danbury,Blue,Often,erat
Nancy,Barnbrook,Purple,Yearly,porttitor
Marius,Pauwel,Purple,Often,integer
Lowe,Batey,Violet,Yearly,nascetur
Ninon,Spiby,Yellow,Monthly,cubilia
Lind,Slimme,Khaki,Seldom,bibendum
Noe,Wannell,Fuscia,Yearly,consequat
Gusti,Cradduck,Red,Yearly,in
Theresita,Gilbride,Crimson,Yearly,volutpat
Karrah,Heathcott,Aquamarine,Once,mi
Torry,Headley,Aquamarine,Never,nonummy
Shea,Rolfe,Maroon,Never,et
Konstanze,Woodwing,Aquamarine,Never,vulputate
Inigo,Devonport,Turquoise,Yearly,amet
Joly,Thundercliffe,Puce,Daily,urna
Reyna,Henighan,Goldenrod,Often,purus
Mose,Earney,Purple,Never,pulvinar
Karlene,Potes,Turquoise,Often,nunc
Georgine,Waltering,Puce,Never,eros
Sher,Brockherst,Violet,Once,proin
Ernst,Duggen,Indigo,Monthly,nisi
Siobhan,Rickaby,Green,Yearly,ante
Hollyanne,Cashmore,Turquoise,Once,aliquam
Jayson,Calbert,Maroon,Monthly,vestibulum
Buddie,Larroway,Puce,Yearly,nec
Yale,Sharp,Red,Often,in
North,Tunnicliffe,Khaki,Often,cras
Lucienne,Winton,Aquamarine,Monthly,quisque
Zita,Habard,Teal,Weekly,primis
Minne,Kelberman,Puce,Yearly,rutrum
Meris,Rossborough,Pink,Seldom,ligula
Brier,Durtnal,Yellow,Daily,quisque
Eduardo,Pomfrett,Purple,Weekly,sem
Tiebold,Staries,Mauv,Monthly,aliquet
Conan,Chattelaine,Khaki,Monthly,nisi
Rusty,O' Mullane,Khaki,Weekly,at
Theadora,Brigham,Teal,Daily,diam
Tabitha,See,Red,Seldom,luctus
Catie,Renouf,Violet,Once,justo
Leonardo,Shire,Yellow,Daily,fusce
Danice,Eggerton,Goldenrod,Weekly,est
Dunc,Bigham,Turquoise,Seldom,odio
Daisi,MacParland,Indigo,Once,blandit
Hermon,Massimi,Purple,Often,condimentum
Candi,Woehler,Teal,Seldom,ullamcorper
Illa,Tie,Fuscia,Seldom,donec
Queenie,Casiroli,Crimson,Often,sociis
Fredra,Vernazza,Puce,Seldom,vulputate
Jaclin,Gynn,Yellow,Once,consequat
Ignaz,Canto,Yellow,Seldom,lorem
Talya,Fasham,Green,Once,sed
Fabien,Hasselby,Aquamarine,Daily,mauris
Corrie,Esselen,Maroon,Never,quis
Pegeen,Fright,Yellow,Daily,suscipit
Curry,O' Neligan,Crimson,Often,ac
Bowie,Kenningham,Red,Monthly,lacinia
Chicky,Ramelet,Teal,Never,non
Roldan,Anlay,Goldenrod,Seldom,rhoncus
Matilda,Kinzel,Green,Often,augue
Hall,Desesquelle,Red,Once,convallis
Odelinda,Robillart,Mauv,Once,etiam
Bendick,Panton,Aquamarine,Often,lectus
Dalt,Segrott,Violet,Once,praesent
Dasie,Vasilyevski,Red,Seldom,mattis
Myles,Yglesia,Aquamarine,Never,lobortis
Minda,Carrabott,Maroon,Weekly,sagittis
Jewelle,Haddington,Yellow,Daily,leo
Robert,McKibbin,Khaki,Weekly,primis
Irene,Highnam,Purple,Never,viverra
Nigel,Lorens,Teal,Yearly,non
Heda,Kinner,Blue,Yearly,nisl
Bonita,Moles,Crimson,Daily,interdum
Gerda,Gowers,Fuscia,Once,purus
Tabbitha,Provest,Maroon,Yearly,eu
Lilly,Kik,Blue,Often,dui
Mollie,Wiffield,Red,Yearly,neque
Mignon,Minchinton,Mauv,Often,eu
Chrystal,Dronsfield,Puce,Never,cursus
Monro,Itzik,Orange,Yearly,in
Ermin,Tierney,Goldenrod,Daily,ultrices
Archy,Formie,Red,Daily,tristique
Meryl,Gawke,Yellow,Monthly,integer
Jillene,Begent,Turquoise,Once,egestas
Rachele,O'Corr,Purple,Weekly,cubilia
Sidnee,Uzzell,Indigo,Monthly,erat
Saunder,Trillo,Purple,Weekly,iaculis
Gustavus,Ciobutaru,Fuscia,Often,dolor
Shirlene,Dowsing,Orange,Daily,tempor
Honey,Klulicek,Pink,Monthly,justo
Fania,Van der Linde,Indigo,Once,tincidunt
Lillis,Persian,Pink,Often,praesent
Lev,Nicklinson,Yellow,Never,sit
Clyve,Smedley,Yellow,Once,morbi
Artemis,McAdam,Yellow,Seldom,ipsum
Theo,Skerme,Khaki,Never,dictumst
Shannah,Sinnat,Khaki,Weekly,a
Kaile,Kubicki,Turquoise,Often,luctus
Jewell,Godlip,Teal,Weekly,ac
Harri,Showl,Purple,Often,convallis
Clarissa,O'Crevan,Fuscia,Weekly,posuere
Selinda,Vedenyapin,Turquoise,Seldom,rutrum
Wren,Osler,Mauv,Never,pede
Olivier,Gusney,Red,Daily,primis
Bari,Jaquin,Puce,Once,ipsum
Rochella,Ewols,Green,Yearly,id
Bartlett,Moyers,Violet,Daily,massa
Annamarie,Haslewood,Turquoise,Monthly,hac
Angelique,Chevis,Green,Seldom,tellus
Burnaby,Corden,Green,Daily,nibh
Glenna,Walhedd,Blue,Monthly,vitae
Beth,Keaveney,Maroon,Yearly,aenean
Cacilia,Offen,Aquamarine,Monthly,morbi
Trudie,Gherardi,Turquoise,Seldom,tincidunt
Jasper,Kleinfeld,Teal,Daily,blandit
Linea,Leinweber,Pink,Monthly,auctor
Bethany,Abthorpe,Pink,Never,neque
Raviv,Hayles,Aquamarine,Monthly,dictumst
Brendan,Hince,Purple,Yearly,suspendisse
Sidonnie,Spini,Orange,Yearly,ut
Madelyn,Crumb,Purple,Never,ridiculus
Donal,Sturdy,Blue,Never,ipsum
Dallis,Strewthers,Mauv,Monthly,sit
Ogden,Frid,Goldenrod,Seldom,convallis
Deedee,Rapson,Violet,Often,eget
Ewen,Megany,Puce,Seldom,faucibus
Sollie,Magwood,Blue,Once,integer
Georgena,Brownlee,Khaki,Never,ante
Kliment,Challin,Pink,Often,dictumst
Dorthy,Routledge,Aquamarine,Daily,massa
Barbabra,Uebel,Red,Often,sit
Rafaela,Borges,Yellow,Once,ut
Helli,Bramich,Indigo,Often,nulla
Herold,De Benedictis,Purple,Weekly,sapien
Ogdan,Harken,Crimson,Yearly,turpis
Cindelyn,Maguire,Turquoise,Yearly,ipsum
Eddy,Sorby,Orange,Yearly,sociis
Patricio,Mowle,Purple,Yearly,penatibus
Ernesto,Ezzle,Puce,Never,blandit
Lewie,Backe,Maroon,Daily,vestibulum
Ruthe,Comber,Violet,Yearly,nisi
Herrick,Austen,Khaki,Once,mattis
Simone,Tidy,Mauv,Yearly,congue
Jordan,Tribe,Violet,Monthly,quis
Rey,Ebdin,Yellow,Yearly,porttitor
Kikelia,Pietzker,Blue,Once,nulla
Thibaud,Coviello,Purple,Never,commodo
Levi,Soames,Teal,Often,lectus
Anabal,Trevarthen,Yellow,Never,in
Trudey,Barhem,Aquamarine,Seldom,aliquam
Jess,Learoid,Teal,Yearly,nulla
Bord,Ollett,Mauv,Seldom,lacinia
Farlee,Grundell,Puce,Monthly,augue
Lizzie,Diehn,Pink,Yearly,posuere
Marie-jeanne,Parley,Fuscia,Seldom,sed
Lavina,Wannes,Yellow,Often,suspendisse
Fernande,Twallin,Puce,Monthly,accumsan
Virginie,Cicero,Mauv,Seldom,malesuada
Lemar,Luipold,Purple,Daily,massa
Masha,Houlahan,Khaki,Daily,convallis
Ailis,Parfitt,Maroon,Never,massa
Mariette,Clemoes,Blue,Often,sed
Dennet,Blood,Indigo,Weekly,turpis
Garold,Biddlestone,Teal,Once,penatibus
Trueman,Fanton,Indigo,Yearly,praesent
Obie,Yepiskopov,Violet,Never,nisi
Adrian,Ketteringham,Crimson,Once,turpis
Ciro,Inde,Puce,Once,etiam
Cob,Spawforth,Blue,Daily,eget
Dagmar,Cocklie,Blue,Daily,nulla
Sarita,Broek,Maroon,Never,sed
Darleen,Lowseley,Fuscia,Once,id
Giuditta,Proughten,Mauv,Weekly,amet
Ameline,Bielfeld,Purple,Weekly,consequat
Rancell,Neaverson,Fuscia,Weekly,dui
Stevie,Jirek,Orange,Yearly,venenatis
Elihu,Fearnall,Khaki,Weekly,cum
Bette,Jeckells,Pink,Seldom,a
Erna,Jordon,Teal,Once,viverra
Der,Verlinden,Khaki,Daily,quisque
Leonie,Whitcomb,Maroon,Monthly,ac
Inglis,Bazelle,Orange,Often,morbi
Netta,Warwicker,Maroon,Weekly,vitae
Feodora,Blankman,Maroon,Often,donec
Ashlen,Pipes,Blue,Weekly,eget
Elvera,Chastang,Indigo,Monthly,ridiculus
Leann,Brenard,Green,Once,ornare
Weylin,Faulkener,Violet,Daily,viverra
Colan,Pirot,Teal,Weekly,amet
Emmanuel,Matyushonok,Crimson,Yearly,odio
